https://link.coupang.com/a/KTLW6,쇠고기집 1등급 명품 소고기 선물세트,https://thumbnail7.coupangcdn.com/thumbnails/remote/230x230ex/image/vendor_inventory/0e89/709623a0307e3bea735809fcd9599b89994fe6d26589bcc4fba81d508e04.JPG,41%,170000,99900,none
https://link.coupang.com/a/KTMgY,[모든옵션1+1] 6년근 홍삼액 고려 홍삼 진액 100% 농축액 액기스 파우치 선물 세트 설 명절,https://thumbnail8.coupangcdn.com/thumbnails/remote/230x230ex/image/vendor_inventory/1632/b66c5b946f77475a6438b5d282e3ae504f9edf8081d73f0d5b764de37e81.png,37%,100000,62240,none
https://link.coupang.com/a/KTMoy,23년 설 선물세트 엘지생활건강 까치와 호랑이 M호,https://thumbnail6.coupangcdn.com/thumbnails/remote/230x230ex/image/vendor_inventory/0f87/e070f0a2dd6dc1ec01f34b937a0ad2f931f974d364e5d0454d26a3a1dfae.jpg,26%,14500,10650,none
https://link.coupang.com/a/KTMuA,대천김 명품 캔김 선물세트 S704 120g,https://thumbnail8.coupangcdn.com/thumbnails/remote/230x230ex/image/retail/images/1837206619363752-959a6c47-ed2f-4199-8401-f11bd06e821b.jpg,none,none,139800,http://image10.coupangcdn.com/image/badges/rocket/rocket_logo.png
https://link.coupang.com/a/KTMy1,미소하누 1++ 한우 상위 1% 3차 선별 프리미엄 선물세트 6종,https://thumbnail8.coupangcdn.com/thumbnails/remote/230x230ex/image/vendor_inventory/555c/b08301f6046f6ec2e0f94608512831e9149f7acbeed410ddc5a273456345.jpg,42%,431600,249600,none
https://link.coupang.com/a/KTMHk,명품본가 프리미엄 수제 한우 떡갈비 선물 세트 떡갈비스테이크 고급 한지 포장 백화점 입점 명절 추석 한가위 설날 고기 선물세트 선물용,https://thumbnail9.coupangcdn.com/thumbnails/remote/230x230ex/image/vendor_inventory/39e0/a6d34cfe9c50ae1ab86a1f09e673d190876d9c2d38edd8ddf99181740b45.jpg,36%,69000,45800,none
https://link.coupang.com/a/KTMNh,프로바이오틱스 유산균 꿀홍삼 명절선물세트 명절선물 설날선물세트 부모님선물 설선물세트,https://thumbnail9.coupangcdn.com/thumbnails/remote/230x230ex/image/vendor_inventory/f6fd/e06deedb5f2b3ffdcf1b6108c24e2676388c615ba2990715f81f51971868.jpg,44%,135000,75000,none
https://link.coupang.com/a/KTMTc,항공직송 프리미엄 고당도 애플망고 선물세트,https://thumbnail7.coupangcdn.com/thumbnails/remote/230x230ex/image/vendor_inventory/b07d/49a5c4a99969bb1a800608d0430458e854197450ea2a05d9f8385561ce38.png,63%,80000,35500,none
https://link.coupang.com/a/KTMZm,농협 백년부부 명품 침향환 침향단 (침향 22%)+쇼핑백 부모님 명절 새해 설 추석 선물세트,https://thumbnail9.coupangcdn.com/thumbnails/remote/230x230ex/image/vendor_inventory/1ddc/5feedbdef820aba9646c0d905a22eb0bdf969420fd447c7db1505156875a.jpg,55%,200000,89900,http://image10.coupangcdn.com/image/badges/rocket/rocket_logo.png
https://link.coupang.com/a/KTM4T,싱싱창고 곶감 완주 대둔산 프리미엄 반건시 흑곶감 6종 명절 설날 선물 세트,https://thumbnail9.coupangcdn.com/thumbnails/remote/230x230ex/image/vendor_inventory/b604/834ba4515b7b6867ffaa4d049452374b4f2e7287ca6643db0d5478bfad0c.jpg,5%,45500,43000,none
https://link.coupang.com/a/KTNb9,디카운티 추석선물 세트 한과 선물세트 유과 설 선물세트 특대 단체 선물 추천 5종택1,https://thumbnail7.coupangcdn.com/thumbnails/remote/230x230ex/image/vendor_inventory/38a3/a3568213cb8bd9540b1d1c21b574569c35e48949271c4b07632a943e7004.jpg,31%,155000,105800,none
https://link.coupang.com/a/KTNhb,감칠맛 상주 자연 그대로 곶감 세트 1호 (냉동),https://thumbnail10.coupangcdn.com/thumbnails/remote/230x230ex/image/retail/images/2964958354142273-0c946fe3-172f-4de5-a6ed-060077d889f6.jpg,30%,31400,24900,http://image7.coupangcdn.com/image/mobile_app/v3/brandsdp/loyalty/pc/rocket-fresh@2x.png
https://link.coupang.com/a/KTNnB,미인화이바 차 3종 + 전통한과 선물세트 B형 950g + 보자기,https://thumbnail10.coupangcdn.com/thumbnails/remote/230x230ex/image/retail/images/510843043309894-b09d79b0-06ea-4119-87a9-e2e408bc968e.jpg,5%,43980,41350,http://image10.coupangcdn.com/image/badges/rocket/rocket_logo.png
https://link.coupang.com/a/KTNtX,오설록 시크릿 티스토리 차 선물세트,https://thumbnail9.coupangcdn.com/thumbnails/remote/230x230ex/image/retail/images/2877117105679056-d6a5f68b-8142-4766-9cdf-82aa517b1ed6.jpg,40%,45000,26990,http://image7.coupangcdn.com/image/mobile_app/v3/brandsdp/loyalty/pc/rocket-fresh@2x.png
https://link.coupang.com/a/KTNCT,힐링식탁 건강채움 5종 세트 2호,https://thumbnail7.coupangcdn.com/thumbnails/remote/230x230ex/image/retail/images/6509379648872351-9c233ee8-e94b-408b-a848-61604c56fc65.jpg,37%,23900,19900,http://image10.coupangcdn.com/image/badges/rocket/rocket_logo.png
https://link.coupang.com/a/KTNHT,힐링식탁 건강채움 5종 세트 2호,https://thumbnail7.coupangcdn.com/thumbnails/remote/230x230ex/image/retail/images/6509379648872351-9c233ee8-e94b-408b-a848-61604c56fc65.jpg,37%,23900,19900,http://image10.coupangcdn.com/image/badges/rocket/rocket_logo.png
https://link.coupang.com/a/KTNNp,싱싱창고 곶감 완주 대둔산 프리미엄 반건시 흑곶감 6종 명절 설날 선물 세트,https://thumbnail7.coupangcdn.com/thumbnails/remote/230x230ex/image/vendor_inventory/1e6b/fce6e667be75ec8c1fe3717e93acdeb1e1fe57d85eb7351147b220572254.jpg,14%,69000,59000,none
https://link.coupang.com/a/KTNUt,싱싱창고 곶감 완주 대둔산 프리미엄 반건시 흑곶감 6종 명절 설날 선물 세트,https://thumbnail7.coupangcdn.com/thumbnails/remote/230x230ex/image/vendor_inventory/58e9/1a2c63a6e2892b18dc2d9f2fc1c426d67d166c4278336c4ab90b029072a9.jpg,16%,59000,49000,none
https://link.coupang.com/a/KTN04,싱싱창고 곶감 완주 대둔산 프리미엄 반건시 흑곶감 6종 명절 설날 선물 세트,https://thumbnail7.coupangcdn.com/thumbnails/remote/230x230ex/image/vendor_inventory/58e9/1a2c63a6e2892b18dc2d9f2fc1c426d67d166c4278336c4ab90b029072a9.jpg,16%,59000,49000,none
https://link.coupang.com/a/KTObk,설감 프리미엄 왕 반건시 선물세트 2호,https://thumbnail9.coupangcdn.com/thumbnails/remote/230x230ex/image/retail/images/10461159115975714-3b040ee6-444a-4e15-bd6d-f1517beb282f.jpg,25%,39900,31900,http://image7.coupangcdn.com/image/mobile_app/v3/brandsdp/loyalty/pc/rocket-fresh@2x.png
https://link.coupang.com/a/KTOh4,카페베네 홈카페 과일청 세트,https://thumbnail7.coupangcdn.com/thumbnails/remote/230x230ex/image/retail/images/1259128298138328-3a3db6b2-f50c-406a-b901-a4ae104689b3.jpg,3%,15040,14440,http://image10.coupangcdn.com/image/badges/rocket/rocket_logo.png
https://link.coupang.com/a/KTOnG,도라지정과 25g x 4개 + 말랭이 40g + 청 270g 세트,https://thumbnail7.coupangcdn.com/thumbnails/remote/230x230ex/image/retail/images/2022/07/27/17/9/6d43f069-e868-4269-9352-72e79c4bac99.jpg,27%,46000,36900,http://image7.coupangcdn.com/image/mobile_app/v3/brandsdp/loyalty/pc/rocket-fresh@2x.png
https://link.coupang.com/a/KTOvm,도라지정과 25g x 4개 + 말랭이 40g + 청 270g 세트,https://thumbnail7.coupangcdn.com/thumbnails/remote/230x230ex/image/retail/images/2022/07/27/17/9/6d43f069-e868-4269-9352-72e79c4bac99.jpg,27%,46000,36900,http://image7.coupangcdn.com/image/mobile_app/v3/brandsdp/loyalty/pc/rocket-fresh@2x.png
https://link.coupang.com/a/KTOB9,성진본고기 한우 보신 세트 (냉동),https://thumbnail7.coupangcdn.com/thumbnails/remote/230x230ex/image/retail/images/2458918194216665-6644cdc0-47ff-4084-97c0-f6ddf7cafd69.jpg,24%,89000,69000,http://image7.coupangcdn.com/image/mobile_app/v3/brandsdp/loyalty/pc/rocket-fresh@2x.png
https://link.coupang.com/a/KTOIT,오설록 블루밍 티 선물 세트,https://thumbnail7.coupangcdn.com/thumbnails/remote/230x230ex/image/retail/images/8062473714104954-403f1de3-9cd8-40ac-a4e9-ce14880ee76e.jpg,11%,30500,27000,http://image7.coupangcdn.com/image/mobile_app/v3/brandsdp/loyalty/pc/rocket-fresh@2x.png
https://link.coupang.com/a/KTOPZ,정원삼 6년근 고려홍삼정 365 스틱,https://thumbnail6.coupangcdn.com/thumbnails/remote/230x230ex/image/retail/images/2619635320719968-c2257587-23bb-4521-9ab5-9d803e96f103.jpg,26%,109000,79900,http://image10.coupangcdn.com/image/badges/rocket/rocket_logo.png
https://link.coupang.com/a/KTOWa,LG생활건강 23년 설 선물세트 엘지생활건강 월드트레블에디션 X 6개,https://thumbnail9.coupangcdn.com/thumbnails/remote/230x230ex/image/vendor_inventory/5e62/53b5c8902338bb4cbdddd9ed53381b47441f198568528fdc65ff74abe196.jpg,33%,119400,79260,none
https://link.coupang.com/a/KTO3i,복음자리 대상 10호 선물세트,https://thumbnail10.coupangcdn.com/thumbnails/remote/230x230ex/image/retail/images/11579986292223495-384e178a-35ed-4ea0-ba92-340ebf1b4bd1.jpg,3%,33000,32000,http://image10.coupangcdn.com/image/badges/rocket/rocket_logo.png
https://link.coupang.com/a/KTPaP,대상웰라이프 완전균형영양식 뉴케어 구수한맛,https://thumbnail7.coupangcdn.com/thumbnails/remote/230x230ex/image/retail/images/8322904755980466-07cd4d49-91e8-4dd0-ab4d-f9a85b677583.jpg,36%,60000,38000,http://image10.coupangcdn.com/image/badges/rocket/rocket_logo.png
https://link.coupang.com/a/KTPfV,도라지정과 550g 2호 기업단체선물 설선물 명절선물 남자친구부모님선물 신부이바지음식 선물세트 설 설날 명절 상견례 결혼 답례품 도라지대추정과,https://thumbnail9.coupangcdn.com/thumbnails/remote/230x230ex/image/vendor_inventory/2b53/bd77b8c4091c30d9842652930bdd230c95784be38b9c6bd594c409aeada9.jpg,31%,50000,43000,none
