https://link.coupang.com/a/KTLW6,
https://link.coupang.com/a/KTMgY,
https://link.coupang.com/a/KTMoy,
https://link.coupang.com/a/KTMuA,
https://link.coupang.com/a/KTMy1,
https://link.coupang.com/a/KTMHk,
https://link.coupang.com/a/KTMNh,
https://link.coupang.com/a/KTMTc,
https://link.coupang.com/a/KTMZm,
https://link.coupang.com/a/KTM4T,
https://link.coupang.com/a/KTNb9,
https://link.coupang.com/a/KTNhb,
https://link.coupang.com/a/KTNnB,
https://link.coupang.com/a/KTNtX,
https://link.coupang.com/a/KTNCT,
https://link.coupang.com/a/KTNHT,
https://link.coupang.com/a/KTNNp,
https://link.coupang.com/a/KTNUt,
https://link.coupang.com/a/KTN04,
https://link.coupang.com/a/KTObk,
https://link.coupang.com/a/KTOh4,
https://link.coupang.com/a/KTOnG,
https://link.coupang.com/a/KTOvm,
https://link.coupang.com/a/KTOB9,
https://link.coupang.com/a/KTOIT,
https://link.coupang.com/a/KTOPZ,
https://link.coupang.com/a/KTOWa,
https://link.coupang.com/a/KTO3i,
https://link.coupang.com/a/KTPaP,
https://link.coupang.com/a/KTPfV
