2023-06-07,가구박람회,https://cdn-pro-web-209-40.cdn-nhncommerce.com/edftr76860385_godomall_com/data/goods/20/02/09/9893/t50_9893_list_060.jpg#http://edftr76860385.godomall.com/goods/goods_view.php?goodsNo=9893,위너 제이 확장형 화장대 800 (색상 2종)#색상:메이플화이트콤비 (917169),1,95900,상품준비중,23:48,2023-06-06
2023-06-07,동서가구,https://cdn-pro-web-209-40.cdn-nhncommerce.com/edftr76860385_godomall_com/data/goods/20/09/39//10642/t50_10642_list_017.jpg#http://edftr76860385.godomall.com/goods/goods_view.php?goodsNo=10642,프리미엄 푹신 13 15 시리즈 필로우탑 매트리스 SS/Q/K..#선택:2-2. 푹신 15 Q (917272)_색상:그레이,1,419000,상품준비중,23:32,2023-06-06
2023-06-07,추가구매,https://cdn-pro-web-209-40.cdn-nhncommerce.com/edftr76860385_godomall_com/data/add_goods/22/06/1000000818/1000000818_19.jpg#javascript:void();,Q 퀸 매트리스 방수커버#:화이트 DF921642,1,14900,상품준비중,23:32,2023-06-06
2023-06-07,가구박람회,https://cdn-pro-web-209-40.cdn-nhncommerce.com/edftr76860385_godomall_com/data/goods/20/02/07/9854/t50_9854_list_065.jpg#http://edftr76860385.godomall.com/goods/goods_view.php?goodsNo=9854,학생가구 인기침대 동서가구 이즈 카이 LED 수납 편백..#선택:21. 편백 LED 수납 침대 Q 프레임 DF921951_색상:화이트,1,249000,상품준비중,23:32,2023-06-06
2023-06-07,동서가구,https://cdn-pro-web-209-40.cdn-nhncommerce.com/edftr76860385_godomall_com/data/goods/20/09/39//10642/t50_10642_list_017.jpg#http://edftr76860385.godomall.com/goods/goods_view.php?goodsNo=10642,프리미엄 푹신 13 15 시리즈 필로우탑 매트리스 SS/Q/K..#선택:2-1. 푹신 15 SS (917270)_색상:그레이,1,379000,상품준비중,23:27,2023-06-06
2023-06-07,추가구매,https://cdn-pro-web-209-40.cdn-nhncommerce.com/edftr76860385_godomall_com/data/add_goods/22/06/1000000817/1000000817_70.jpg#javascript:void();,SS 슈퍼싱글 매트리스 방수커버#:화이트 DF921641,1,9900,상품준비중,23:27,2023-06-06
2023-06-07,가구박람회,https://cdn-pro-web-209-40.cdn-nhncommerce.com/edftr76860385_godomall_com/data/goods/19/02/08//8607/t50_8607_list_085.jpg#http://edftr76860385.godomall.com/goods/goods_view.php?goodsNo=8607,수납의신 동서가구 아르케 광폭 서랍장 800 1000 1..#선택:3.아르케 1000 5단 그랜드광폭서랍장 (911649-1)_색상:화이트,1,153000,상품준비중,23:11,2023-06-06
2023-06-07,가구박람회,https://cdn-pro-web-209-40.cdn-nhncommerce.com/edftr76860385_godomall_com/data/goods/20/03/13//9953/t50_9953_list_079.jpg#http://edftr76860385.godomall.com/goods/goods_view.php?goodsNo=9953,동서가구 아쿠아텍스 패브릭 소파 4인 소파 5종 모음#선택:03.마티아 4인 아쿠아텍스 발수 패브릭 소파 스툴 DF921885_색상:그레이,1,472000,상품준비중,23:04,2023-06-06
2023-06-07,동서가구,https://cdn-pro-web-209-40.cdn-nhncommerce.com/edftr76860385_godomall_com/data/goods/17/11/08/5806/t50_5806_list_08.jpg#http://edftr76860385.godomall.com/goods/goods_view.php?goodsNo=5806,에이린 600 5단 서랍장#색상:오크화이트 (918792-1),1,88900,상품준비중,23:03,2023-06-06
2023-06-07,동서가구,https://cdn-pro-web-209-40.cdn-nhncommerce.com/edftr76860385_godomall_com/data/goods/19/06/24//9012/t50_9012_list_039.jpg#http://edftr76860385.godomall.com/goods/goods_view.php?goodsNo=9012,삼나무 원목 와이드 서랍장#색상:내추럴(DF912075-3),1,249000,상품준비중,23:00,2023-06-06
2023-06-07,가구박람회,https://cdn-pro-web-209-40.cdn-nhncommerce.com/edftr76860385_godomall_com/data/goods/20/02/07/9854/t50_9854_list_065.jpg#http://edftr76860385.godomall.com/goods/goods_view.php?goodsNo=9854,학생가구 인기침대 동서가구 이즈 카이 LED 수납 편백..#선택:01. LED 수납 SS침대 신형 라운드 프레임+양면매트 (916305-4)_색상:메이플,1,209000,상품준비중,22:52,2023-06-06
2023-06-07,타임딜,https://cdn-pro-web-209-40.cdn-nhncommerce.com/edftr76860385_godomall_com/data/goods/20/09/39//10645/t50_10645_list_089.jpg#http://edftr76860385.godomall.com/goods/goods_view.php?goodsNo=10645,학생가구 동서가구 에이블 1200 정면책장 책상 (+LED선..#LED 선택:일반 책상(LED미포함) (918059-2)_색상:메이플화이트,1,129000,상품준비중,22:52,2023-06-06
2023-06-07,가구박람회,https://cdn-pro-web-209-40.cdn-nhncommerce.com/edftr76860385_godomall_com/data/goods/18/04/16//6768/t50_6768_list_010.jpg#http://edftr76860385.godomall.com/goods/goods_view.php?goodsNo=6768,동서가구 울트라 릴렉스 디자인체어#색상:블랙 (909608-9),1,124000,상품준비중,22:40,2023-06-06
2023-06-07,스무스,https://cdn-pro-web-209-40.cdn-nhncommerce.com/edftr76860385_godomall_com/data/goods/22/05/18//13693/t50_register_list_092.jpg#http://edftr76860385.godomall.com/goods/goods_view.php?goodsNo=13693,슬라이딩 800 낮은 수납장#색상:그레이(DF921356),1,102000,상품준비중,22:40,2023-06-06
2023-06-07,오즈,https://cdn-pro-web-209-40.cdn-nhncommerce.com/edftr76860385_godomall_com/data/goods/22/03/11//12509/t50_register_list_011.jpg#http://edftr76860385.godomall.com/goods/goods_view.php?goodsNo=12509,3서랍 무헤드 수납 SS침대 (케미컬폼)#색상:화이트 DF921191,1,321000,상품준비중,22:37,2023-06-06
